country,year,D1,D2,total_respondents,position_1,position_2,position_3,position_4,position_5,position_6,position_7,position_8,position_9,position_10,refused,dont_know
AT,2007.0,-0.01483590485709645,0.02951505716944351,1015.0,17.0,42.0,93.0,125.0,228.0,137.0,106.0,50.0,10.0,34.0,75.0,98.0
AT,2010.0,0.048749582881824495,0.03673606394693085,1010.0,23.0,35.0,79.0,114.0,234.0,169.0,124.0,67.0,12.0,20.0,89.0,44.0
AT,2012.0,0.056585800465568784,0.018521458338654605,1005.0,42.0,35.0,73.0,124.0,215.0,166.0,129.0,59.0,14.0,26.0,74.0,48.0
AT,2014.0,-0.007895742032954884,0.08547738312792354,1043.0,38.0,53.0,109.0,113.0,332.0,123.0,79.0,45.0,14.0,18.0,65.0,54.0
AT,2015.0,0.04220835263597379,0.01304609697099164,1047.0,54.0,44.0,96.0,90.0,253.0,160.0,111.0,64.0,22.0,28.0,76.0,49.0
AT,2016.0,0.08021374249710474,0.029015222715969843,1026.0,31.0,73.0,117.0,108.0,216.0,126.0,124.0,60.0,30.0,31.0,78.0,32.0
AT,2017.0,0.09277430762974916,-0.015692239502248538,1025.0,41.0,49.0,109.0,104.0,245.0,144.0,95.0,59.0,25.0,43.0,92.0,19.0
AT,2019.0,0.12913477309602908,0.0473681684432852,1010.0,70.0,54.0,110.0,118.0,206.0,157.0,100.0,74.0,30.0,36.0,39.0,16.0
AT,2020.0,0.09270612427022823,0.09549635956560021,1024.0,46.0,50.0,107.0,124.0,257.0,169.0,119.0,52.0,16.0,34.0,33.0,17.0
AT,2020.5,0.07491898821025417,0.06311625365306646,1025.0,47.0,50.0,100.0,121.0,247.0,146.0,113.0,84.0,17.0,30.0,33.0,37.0
AT,2021.0,0.05791275854326353,0.04020757249183971,1004.0,53.0,44.0,92.0,109.0,234.0,162.0,105.0,64.0,13.0,35.0,53.0,40.0
AT,2021.5,0.06198098665135866,-0.0376376299363238,1004.0,57.0,42.0,89.0,92.0,185.0,140.0,115.0,85.0,22.0,45.0,78.0,54.0
AT,2022.0,0.060730368869944304,-0.016241220919963776,1008.0,60.0,47.0,104.0,97.0,186.0,143.0,114.0,77.0,15.0,43.0,67.0,55.0
AT,2023.0,0.04324741007152672,-0.0016698026473422247,1011.0,41.0,31.0,98.0,120.0,222.0,145.0,85.0,86.0,14.0,42.0,73.0,54.0
AT,2024.5,0.07608392484876579,0.016269173424864666,1002.0,41.0,30.0,93.0,124.0,214.0,140.0,118.0,92.0,18.0,18.0,78.0,36.0
AT,2025.0,0.09337547157206771,0.014663276876980168,1009.0,36.0,32.0,105.0,146.0,204.0,138.0,97.0,88.0,37.0,26.0,67.0,33.0
BE,2007.0,0.008825147429548203,0.09474065442196693,1024.0,37.0,29.0,111.0,119.0,345.0,119.0,80.0,60.0,16.0,21.0,34.0,53.0
BE,2010.0,0.013666867688056647,0.06949135438412062,1021.0,45.0,38.0,92.0,124.0,315.0,106.0,110.0,54.0,14.0,24.0,45.0,54.0
BE,2012.0,0.053294032660061164,0.07209862708789717,1111.0,35.0,41.0,91.0,137.0,282.0,139.0,161.0,95.0,9.0,16.0,57.0,48.0
BE,2014.0,0.020122873723814463,0.08665364462670226,1010.0,65.0,26.0,106.0,100.0,318.0,88.0,131.0,62.0,9.0,25.0,27.0,53.0
BE,2015.0,0.04555141194398569,0.0947257857769178,1029.0,34.0,32.0,105.0,131.0,302.0,128.0,126.0,53.0,13.0,38.0,20.0,47.0
BE,2016.0,0.07176562462062328,0.15166374628022206,1000.0,56.0,22.0,97.0,94.0,353.0,125.0,121.0,66.0,11.0,28.0,21.0,6.0
BE,2017.0,0.05794664567628408,0.13941381315066945,1001.0,46.0,33.0,97.0,130.0,307.0,138.0,120.0,57.0,11.0,16.0,5.0,41.0
BE,2019.0,0.08530669901674671,0.14355907472459387,1086.0,37.0,38.0,117.0,122.0,357.0,125.0,140.0,84.0,10.0,30.0,6.0,20.0
BE,2020.0,0.13172281419738235,0.12484147921821656,1055.0,42.0,56.0,139.0,131.0,224.0,156.0,165.0,79.0,11.0,17.0,9.0,26.0
BE,2020.5,0.18348330937658033,0.15434480999027067,1034.0,29.0,51.0,165.0,137.0,209.0,151.0,167.0,83.0,19.0,15.0,5.0,3.0
BE,2021.0,0.09449010564667183,0.14257528686983223,1017.0,35.0,28.0,117.0,152.0,304.0,129.0,107.0,74.0,22.0,24.0,4.0,21.0
BE,2021.5,0.08282481374255275,0.12384583098957233,1100.0,54.0,55.0,124.0,148.0,325.0,117.0,133.0,63.0,19.0,24.0,17.0,21.0
BE,2022.0,0.042427838522514846,0.10253245812590799,1073.0,24.0,32.0,105.0,132.0,347.0,127.0,128.0,57.0,19.0,36.0,24.0,42.0
BE,2023.0,0.033213410171167794,0.11847883670491142,1014.0,29.0,20.0,110.0,118.0,334.0,122.0,131.0,52.0,11.0,16.0,39.0,32.0
BE,2024.5,0.15779056902723912,0.13214170478738735,1026.0,27.0,38.0,103.0,119.0,260.0,169.0,147.0,109.0,18.0,25.0,2.0,9.0
BE,2025.0,0.13095407055132774,0.15338219694893765,1005.0,20.0,36.0,98.0,134.0,270.0,188.0,123.0,75.0,18.0,30.0,7.0,6.0
BG,2007.0,-0.14358712767773674,-0.08628773091004813,977.0,47.0,59.0,70.0,47.0,177.0,80.0,79.0,63.0,24.0,22.0,88.0,221.0
BG,2010.0,-0.11512049429730052,-0.06676280380333115,1000.0,35.0,39.0,50.0,50.0,236.0,95.0,91.0,62.0,31.0,30.0,91.0,190.0
BG,2012.0,-0.07483957232038158,-0.05084986013243197,1007.0,56.0,67.0,63.0,49.0,261.0,95.0,86.0,51.0,22.0,51.0,65.0,141.0
BG,2014.0,-0.07018324821548659,-0.11809807017166851,1002.0,65.0,42.0,85.0,49.0,218.0,54.0,75.0,75.0,17.0,101.0,82.0,139.0
BG,2015.0,-0.05451023410905626,-0.10823098000397938,1032.0,82.0,52.0,64.0,49.0,244.0,76.0,71.0,77.0,21.0,100.0,71.0,125.0
BG,2016.0,-0.06223106290006598,-0.14460390782930463,1019.0,98.0,32.0,67.0,54.0,186.0,66.0,73.0,84.0,30.0,83.0,102.0,144.0
BG,2017.0,0.036570111928934015,-0.17493061251125133,1037.0,95.0,30.0,79.0,41.0,147.0,89.0,98.0,97.0,75.0,84.0,84.0,118.0
BG,2019.0,0.011924571900067595,-0.10894988080399484,1030.0,83.0,49.0,75.0,46.0,189.0,105.0,98.0,94.0,38.0,81.0,53.0,119.0
BG,2020.0,0.1356679110349154,-0.02072017990392588,1036.0,56.0,44.0,67.0,99.0,202.0,170.0,121.0,106.0,33.0,79.0,22.0,37.0
BG,2020.5,0.0748300220328578,-0.04680257447975495,1034.0,63.0,44.0,84.0,72.0,204.0,129.0,119.0,107.0,33.0,73.0,48.0,58.0
BG,2021.0,0.0942064657721072,-0.08907599916267317,1020.0,68.0,46.0,65.0,66.0,181.0,126.0,122.0,113.0,31.0,94.0,56.0,52.0
BG,2021.5,0.05878038281172362,-0.03154986097655167,1039.0,66.0,42.0,78.0,97.0,206.0,110.0,132.0,98.0,28.0,70.0,40.0,72.0
BG,2022.0,0.06511504294117737,-0.0717836915464013,1033.0,53.0,30.0,72.0,58.0,205.0,141.0,122.0,110.0,40.0,75.0,57.0,70.0
BG,2023.0,0.04448150086391709,-0.05874255642806373,1039.0,45.0,36.0,67.0,65.0,212.0,145.0,114.0,112.0,26.0,80.0,40.0,97.0
BG,2024.5,0.0676276217796021,-0.11543967674671397,1041.0,54.0,28.0,66.0,72.0,155.0,121.0,143.0,115.0,40.0,83.0,80.0,84.0
BG,2025.0,0.051293806841143284,-0.10920434341457548,1041.0,48.0,26.0,68.0,54.0,177.0,149.0,130.0,96.0,39.0,86.0,74.0,94.0
CY,2007.0,-0.01897622385000641,-0.28794808729184507,500.0,55.0,18.0,14.0,10.0,85.0,34.0,20.0,39.0,13.0,49.0,127.0,36.0
CY,2010.0,-0.04273829427509683,-0.2921345832512939,501.0,37.0,17.0,17.0,17.0,73.0,31.0,21.0,32.0,11.0,36.0,162.0,47.0
CY,2012.0,-0.07942737591653587,-0.3201555499158049,510.0,36.0,15.0,15.0,13.0,71.0,24.0,10.0,34.0,15.0,59.0,157.0,61.0
CY,2014.0,-0.15265769055774117,-0.26814461954160895,499.0,45.0,9.0,16.0,8.0,81.0,20.0,23.0,24.0,14.0,39.0,127.0,93.0
CY,2015.0,-0.1596088785545556,-0.24100037917294626,500.0,33.0,3.0,16.0,14.0,100.0,17.0,28.0,39.0,2.0,38.0,116.0,94.0
CY,2016.0,-0.10010738586204082,-0.28556039581363135,500.0,22.0,10.0,23.0,7.0,88.0,24.0,19.0,34.0,11.0,39.0,152.0,71.0
CY,2017.0,-0.11765843931553194,-0.2915130448316567,502.0,37.0,6.0,15.0,15.0,103.0,17.0,12.0,25.0,11.0,47.0,149.0,65.0
CY,2019.0,-0.21657056630012783,-0.20165320158596628,504.0,32.0,12.0,9.0,20.0,85.0,17.0,22.0,27.0,15.0,36.0,81.0,148.0
CY,2020.0,-0.10652506506572243,-0.26023377861002517,507.0,28.0,15.0,21.0,12.0,98.0,20.0,23.0,34.0,9.0,27.0,146.0,74.0
CY,2020.5,-0.06184212002693644,-0.28389172511721794,504.0,33.0,10.0,20.0,16.0,88.0,17.0,28.0,31.0,14.0,42.0,155.0,50.0
CY,2021.0,-0.07677037958165185,-0.2662570890844832,504.0,24.0,12.0,23.0,26.0,83.0,17.0,25.0,29.0,13.0,39.0,149.0,64.0
CY,2021.5,-0.05983003379320501,-0.2923691097916355,503.0,28.0,11.0,18.0,17.0,81.0,23.0,32.0,27.0,8.0,30.0,175.0,53.0
CY,2022.0,-0.10609702105120859,-0.252405260159231,504.0,25.0,15.0,16.0,15.0,99.0,26.0,20.0,26.0,13.0,42.0,134.0,73.0
CY,2023.0,-0.05812510518225524,-0.1867397499927225,505.0,23.0,17.0,20.0,21.0,121.0,34.0,30.0,35.0,14.0,40.0,98.0,52.0
CY,2024.5,-0.044464891742750805,-0.20136813629991826,501.0,26.0,9.0,13.0,23.0,116.0,45.0,38.0,31.0,9.0,37.0,107.0,47.0
CY,2025.0,-0.06749493088546535,-0.1741828591147679,502.0,21.0,10.0,21.0,21.0,114.0,54.0,35.0,23.0,15.0,30.0,96.0,62.0
CZ,2007.0,0.012606370123672729,-0.08607142575273362,1107.0,70.0,22.0,63.0,77.0,272.0,114.0,99.0,100.0,24.0,95.0,93.0,78.0
CZ,2010.0,0.05611231508330899,-0.04092072373850656,1014.0,76.0,36.0,90.0,100.0,214.0,105.0,95.0,93.0,28.0,62.0,67.0,48.0
CZ,2012.0,0.021760387213677623,-0.07064360981451606,1001.0,105.0,29.0,90.0,75.0,251.0,74.0,88.0,74.0,24.0,58.0,78.0,55.0
CZ,2014.0,0.033310848007494544,-0.022032770596381795,1043.0,72.0,30.0,93.0,68.0,277.0,93.0,121.0,85.0,31.0,68.0,38.0,67.0
CZ,2015.0,0.026181035440024442,0.019955218856294775,1026.0,73.0,36.0,86.0,110.0,285.0,102.0,90.0,64.0,23.0,67.0,32.0,58.0
CZ,2016.0,0.05920936858375006,0.012019686556266137,1029.0,63.0,25.0,93.0,104.0,302.0,100.0,103.0,76.0,21.0,68.0,42.0,32.0
CZ,2017.0,0.03879077887057481,0.009110763705731965,1007.0,43.0,20.0,82.0,92.0,288.0,117.0,103.0,87.0,23.0,60.0,37.0,55.0
CZ,2019.0,0.0788249316641888,-0.01208362823820111,1002.0,57.0,21.0,62.0,78.0,333.0,112.0,88.0,85.0,31.0,75.0,19.0,41.0
CZ,2020.0,0.20506874407877138,-0.0010733005015711942,1150.0,16.0,17.0,60.0,110.0,301.0,163.0,211.0,147.0,45.0,50.0,9.0,21.0
CZ,2020.5,0.24850792888176904,-0.006871594524034971,1045.0,19.0,12.0,65.0,101.0,228.0,157.0,166.0,179.0,61.0,47.0,3.0,7.0
CZ,2021.0,0.1825835066549919,0.031238317520087586,1035.0,30.0,26.0,70.0,91.0,306.0,150.0,158.0,90.0,41.0,56.0,5.0,12.0
CZ,2021.5,0.18089604484159968,0.004438511838882951,1074.0,26.0,24.0,59.0,80.0,334.0,146.0,156.0,126.0,42.0,54.0,8.0,19.0
CZ,2022.0,0.16951059711918703,0.020797528190669483,1003.0,31.0,25.0,65.0,67.0,326.0,144.0,131.0,116.0,34.0,39.0,11.0,14.0
CZ,2023.0,0.17418196840151295,-0.000750093453482894,1013.0,44.0,19.0,50.0,75.0,344.0,144.0,125.0,100.0,34.0,54.0,8.0,16.0
CZ,2024.5,0.15814656048616033,0.020901005514326908,1018.0,30.0,22.0,54.0,110.0,278.0,188.0,113.0,113.0,42.0,30.0,18.0,20.0
CZ,2025.0,0.09254494711426674,0.1699787437302681,1007.0,23.0,23.0,67.0,119.0,347.0,159.0,123.0,69.0,36.0,25.0,5.0,11.0
DE,2007.0,-0.019244896628110856,0.16244796667750888,1510.0,46.0,54.0,171.0,232.0,536.0,168.0,100.0,52.0,2.0,20.0,72.0,57.0
DE,2010.0,-0.027979411558674984,0.14119135880538466,1519.0,35.0,55.0,155.0,193.0,485.0,210.0,134.0,59.0,6.0,4.0,85.0,98.0
DE,2012.0,-0.04398038052519751,0.17429685240141632,1510.0,38.0,42.0,167.0,231.0,510.0,216.0,101.0,32.0,6.0,5.0,71.0,91.0
DE,2014.0,-0.01899315044995731,0.09791243107915366,1571.0,41.0,42.0,179.0,214.0,450.0,214.0,124.0,58.0,18.0,21.0,105.0,105.0
DE,2015.0,-0.022717626199665802,0.12310692495938282,1543.0,36.0,45.0,168.0,196.0,488.0,208.0,124.0,64.0,9.0,10.0,107.0,88.0
DE,2016.0,-0.027820742658975238,0.15149255640382922,1536.0,39.0,48.0,176.0,224.0,486.0,224.0,97.0,49.0,13.0,7.0,88.0,85.0
DE,2017.0,0.003284723674699185,0.12909566769834352,1536.0,56.0,69.0,179.0,203.0,463.0,228.0,112.0,53.0,14.0,17.0,74.0,68.0
DE,2019.0,0.02768527274272266,0.1850597835507717,1505.0,62.0,63.0,198.0,242.0,517.0,180.0,94.0,53.0,17.0,21.0,22.0,36.0
DE,2020.0,0.01846428117253717,0.23527104483259073,1686.0,47.0,57.0,212.0,274.0,621.0,239.0,137.0,36.0,5.0,2.0,19.0,37.0
DE,2020.5,0.019968305284532164,0.21798650184144053,1504.0,30.0,77.0,195.0,237.0,544.0,207.0,103.0,36.0,6.0,15.0,22.0,32.0
DE,2021.0,0.02822389054807078,0.17665793424820525,1517.0,53.0,48.0,190.0,205.0,515.0,237.0,114.0,60.0,11.0,17.0,18.0,49.0
DE,2021.5,-0.012480298481653083,0.2195451723034239,1512.0,20.0,54.0,165.0,233.0,609.0,207.0,95.0,35.0,6.0,8.0,38.0,42.0
DE,2022.0,0.006369835412438451,0.19574095337210676,1500.0,40.0,49.0,160.0,192.0,576.0,232.0,114.0,46.0,8.0,8.0,40.0,35.0
DE,2023.0,0.02637464954275028,0.1627636065371653,1533.0,40.0,39.0,130.0,188.0,542.0,234.0,183.0,66.0,18.0,11.0,23.0,59.0
DE,2024.5,0.07634157079793541,0.1404332131583545,1529.0,42.0,55.0,153.0,197.0,463.0,265.0,168.0,72.0,24.0,35.0,34.0,21.0
DE,2025.0,0.031259243303861386,0.1421340784579423,1505.0,46.0,55.0,127.0,168.0,552.0,210.0,140.0,93.0,21.0,16.0,25.0,52.0
DK,2007.0,0.14340569597870087,0.11086800961985692,998.0,20.0,27.0,126.0,139.0,242.0,101.0,163.0,104.0,21.0,29.0,9.0,17.0
DK,2010.0,0.12141732294365687,0.06925249727254662,1007.0,53.0,62.0,137.0,133.0,190.0,93.0,115.0,97.0,28.0,43.0,16.0,40.0
DK,2012.0,0.16565612886126135,0.07761003229990249,1029.0,55.0,64.0,114.0,132.0,191.0,101.0,166.0,115.0,24.0,35.0,9.0,23.0
DK,2014.0,0.12727788901287312,0.035498817363186365,1024.0,51.0,45.0,137.0,123.0,183.0,97.0,136.0,114.0,26.0,47.0,30.0,35.0
DK,2015.0,0.15063641462205563,0.05877774324937784,1007.0,56.0,49.0,125.0,127.0,178.0,109.0,143.0,86.0,53.0,35.0,13.0,33.0
DK,2016.0,0.1354371368627476,0.053137082476405716,1008.0,56.0,34.0,133.0,123.0,199.0,116.0,112.0,113.0,25.0,53.0,15.0,29.0
DK,2017.0,0.07778142255013339,0.06340247740795484,1002.0,49.0,51.0,132.0,126.0,212.0,90.0,121.0,84.0,23.0,39.0,22.0,53.0
DK,2019.0,0.14143832482912405,0.07974474930989257,1013.0,48.0,66.0,123.0,127.0,195.0,113.0,143.0,104.0,27.0,24.0,19.0,24.0
DK,2020.0,0.15605404911132412,0.11734173064056029,1017.0,30.0,66.0,152.0,164.0,189.0,99.0,148.0,97.0,15.0,21.0,17.0,19.0
DK,2020.5,0.2178940299356216,0.10618343186395152,1047.0,42.0,79.0,180.0,132.0,154.0,112.0,158.0,114.0,36.0,24.0,6.0,10.0
DK,2021.0,0.18506382360535223,0.08154963073640213,1023.0,62.0,72.0,145.0,121.0,181.0,92.0,148.0,114.0,31.0,31.0,10.0,16.0
DK,2021.5,0.1595067836154851,0.08759069664186458,1004.0,49.0,58.0,144.0,114.0,186.0,117.0,153.0,93.0,29.0,30.0,9.0,22.0
DK,2022.0,0.16719856224331262,0.06559692308449369,1003.0,50.0,49.0,131.0,119.0,178.0,139.0,135.0,96.0,35.0,42.0,14.0,15.0
DK,2023.0,0.16878290007255647,0.10262100669403695,1009.0,32.0,93.0,133.0,114.0,185.0,137.0,136.0,101.0,29.0,17.0,12.0,20.0
DK,2024.5,0.17389045778308942,0.1104907529583108,1016.0,44.0,62.0,150.0,155.0,164.0,137.0,141.0,88.0,27.0,20.0,11.0,17.0
DK,2025.0,0.13653814112084386,0.12815445770615105,1003.0,33.0,59.0,145.0,138.0,185.0,145.0,160.0,64.0,20.0,9.0,16.0,29.0
EE,2007.0,-0.13080270017406992,-0.10584695394231251,1011.0,22.0,7.0,34.0,55.0,186.0,149.0,104.0,115.0,51.0,41.0,41.0,206.0
EE,2010.0,-0.10889068916919054,-0.11152304800027726,1001.0,26.0,12.0,40.0,48.0,221.0,124.0,85.0,85.0,33.0,31.0,113.0,183.0
EE,2012.0,-0.1111276071066558,-0.1096779436937743,1000.0,47.0,19.0,43.0,44.0,226.0,82.0,98.0,79.0,17.0,45.0,115.0,185.0
EE,2014.0,-0.20613832728945924,-0.05180271150870016,998.0,36.0,17.0,35.0,41.0,250.0,62.0,88.0,68.0,23.0,44.0,44.0,290.0
EE,2015.0,-0.16661964848592517,0.05388766645848109,1020.0,35.0,17.0,50.0,77.0,304.0,58.0,121.0,69.0,18.0,33.0,16.0,222.0
EE,2016.0,-0.1881385516418948,0.020049242757188935,1003.0,18.0,22.0,32.0,54.0,256.0,115.0,105.0,68.0,17.0,28.0,34.0,254.0
EE,2017.0,-0.19931300466316834,-0.04501721917078528,1007.0,28.0,24.0,29.0,39.0,255.0,82.0,97.0,61.0,21.0,40.0,51.0,280.0
EE,2019.0,-0.10104062958579585,0.008045903448794202,1026.0,18.0,33.0,49.0,74.0,309.0,99.0,102.0,70.0,31.0,32.0,41.0,168.0
EE,2020.0,0.21699955350389485,0.01852088435288831,1020.0,19.0,21.0,65.0,95.0,253.0,173.0,155.0,141.0,43.0,40.0,2.0,13.0
EE,2020.5,0.22124827412218584,0.020467454183672098,1019.0,22.0,26.0,71.0,86.0,285.0,144.0,142.0,136.0,57.0,39.0,0.0,11.0
EE,2021.0,-0.08977397415784853,-0.04650966250651589,1017.0,28.0,13.0,50.0,64.0,246.0,120.0,108.0,77.0,34.0,52.0,50.0,175.0
EE,2021.5,-0.11113942433973738,-0.06009618517786589,1030.0,15.0,21.0,54.0,47.0,236.0,122.0,126.0,70.0,41.0,35.0,78.0,185.0
EE,2022.0,-0.060386036448240504,-0.03270622924115123,1005.0,26.0,25.0,38.0,61.0,284.0,112.0,127.0,76.0,38.0,26.0,60.0,132.0
EE,2023.0,-0.10232098458913877,-0.07091894810509641,1003.0,30.0,15.0,44.0,56.0,229.0,99.0,110.0,80.0,36.0,55.0,65.0,184.0
EE,2024.5,-0.0184823423524502,-0.03191631449560592,1009.0,34.0,25.0,57.0,84.0,239.0,120.0,121.0,77.0,31.0,39.0,62.0,120.0
EE,2025.0,-0.018123780590144987,-0.04992646624910109,1004.0,24.0,30.0,56.0,67.0,224.0,131.0,119.0,85.0,33.0,45.0,66.0,124.0
EL,2007.0,0.09794242284701103,-0.17912796167526907,999.0,37.0,13.0,42.0,69.0,207.0,127.0,86.0,82.0,74.0,59.0,175.0,28.0
EL,2010.0,0.03302349332168441,-0.2187269602117711,999.0,19.0,22.0,43.0,79.0,221.0,109.0,84.0,45.0,22.0,23.0,271.0,61.0
EL,2012.0,0.00960469579303811,-0.21449167932311994,1001.0,38.0,28.0,70.0,91.0,218.0,66.0,56.0,57.0,14.0,48.0,266.0,49.0
EL,2014.0,-0.005941181072006211,-0.18238152585695885,1009.0,31.0,35.0,73.0,120.0,233.0,65.0,60.0,49.0,13.0,35.0,226.0,69.0
EL,2015.0,-0.017590831310636424,-0.10074145821863238,1009.0,37.0,40.0,87.0,120.0,250.0,67.0,65.0,59.0,18.0,38.0,157.0,71.0
EL,2016.0,-0.02631294244356731,-0.11273676581810793,1003.0,26.0,24.0,74.0,104.0,259.0,70.0,87.0,54.0,16.0,42.0,167.0,80.0
EL,2017.0,0.010603517350019716,-0.15440974350976652,1008.0,38.0,21.0,77.0,97.0,238.0,78.0,80.0,64.0,14.0,40.0,203.0,58.0
EL,2019.0,-0.007571207117624838,0.013689607460489866,1013.0,24.0,32.0,83.0,115.0,265.0,114.0,104.0,65.0,21.0,19.0,93.0,78.0
EL,2020.0,0.11302168446517773,0.13576296004171712,1003.0,30.0,33.0,83.0,112.0,325.0,148.0,89.0,93.0,33.0,43.0,7.0,7.0
EL,2020.5,0.03368864925933256,0.03680043101006968,1011.0,34.0,33.0,89.0,113.0,284.0,114.0,111.0,73.0,23.0,38.0,48.0,51.0
EL,2021.0,-0.07906091013623211,-0.023940007881979444,1015.0,15.0,17.0,64.0,93.0,299.0,90.0,116.0,56.0,9.0,22.0,122.0,112.0
EL,2021.5,-0.07606922719916455,-0.005683636562258451,1015.0,13.0,26.0,65.0,97.0,294.0,78.0,141.0,47.0,11.0,21.0,125.0,97.0
EL,2022.0,-0.033164096576266525,-0.032112952478902834,1008.0,18.0,16.0,84.0,110.0,270.0,95.0,107.0,57.0,11.0,28.0,126.0,86.0
EL,2023.0,0.018677069597973668,-0.07717305524223544,1013.0,11.0,24.0,66.0,115.0,261.0,66.0,128.0,104.0,32.0,17.0,109.0,80.0
EL,2024.5,-0.09533753702233265,0.05617999148865612,1004.0,17.0,14.0,76.0,115.0,261.0,80.0,142.0,60.0,6.0,11.0,114.0,108.0
EL,2025.0,-0.09274719826813083,0.06621839364378808,1011.0,15.0,14.0,87.0,129.0,251.0,93.0,103.0,78.0,12.0,5.0,107.0,117.0
ES,2007.0,-0.08409419235034588,0.11794470619968475,1002.0,53.0,66.0,113.0,160.0,212.0,102.0,44.0,53.0,10.0,6.0,91.0,92.0
ES,2010.0,-0.104197372149031,0.02134722567985504,1005.0,66.0,34.0,93.0,107.0,302.0,75.0,56.0,29.0,6.0,29.0,99.0,109.0
ES,2012.0,-0.07279282532130449,-0.10456279663217172,1011.0,75.0,39.0,107.0,87.0,261.0,49.0,57.0,49.0,10.0,30.0,139.0,108.0
ES,2014.0,-0.02621188696122729,-0.1643824132451183,1011.0,86.0,36.0,142.0,122.0,322.0,45.0,40.0,16.0,8.0,17.0,105.0,72.0
ES,2015.0,-0.15396024044910503,0.14439160178075508,1032.0,108.0,40.0,167.0,103.0,312.0,40.0,44.0,24.0,3.0,17.0,101.0,73.0
ES,2016.0,-0.07957929019020657,0.0847440266350767,1009.0,77.0,46.0,140.0,111.0,302.0,51.0,55.0,34.0,9.0,40.0,67.0,77.0
ES,2017.0,-0.11078976837860065,0.12129698155396526,1009.0,59.0,46.0,151.0,99.0,305.0,57.0,45.0,41.0,8.0,18.0,126.0,54.0
ES,2019.0,-0.06954979405077331,0.10524733369419713,1005.0,66.0,73.0,158.0,96.0,287.0,61.0,56.0,38.0,7.0,29.0,62.0,72.0
ES,2020.0,-0.061059585299479364,0.13113838169931147,1003.0,72.0,52.0,135.0,107.0,332.0,72.0,47.0,38.0,8.0,17.0,79.0,44.0
ES,2020.5,0.002051807012600734,0.09096119222845463,1016.0,44.0,63.0,144.0,123.0,266.0,86.0,87.0,43.0,12.0,23.0,85.0,40.0
ES,2021.0,-0.03493780604582757,0.05235023699400282,1008.0,48.0,46.0,123.0,104.0,282.0,85.0,74.0,51.0,8.0,18.0,107.0,62.0
ES,2021.5,-0.027540352298356486,0.12704211608710894,1007.0,46.0,51.0,157.0,132.0,287.0,78.0,56.0,44.0,19.0,11.0,84.0,42.0
ES,2022.0,-0.05150073792930685,0.10383985481834569,1018.0,61.0,60.0,145.0,110.0,299.0,70.0,68.0,33.0,7.0,22.0,89.0,54.0
ES,2023.0,0.024645183264216157,-0.05315083748192053,1009.0,53.0,56.0,151.0,132.0,230.0,56.0,64.0,58.0,17.0,41.0,102.0,49.0
ES,2024.5,-0.018303900026246784,0.06478257484187425,1001.0,45.0,33.0,98.0,140.0,289.0,103.0,81.0,47.0,6.0,23.0,70.0,66.0
ES,2025.0,-0.025073237514503507,0.062321078349817004,1001.0,41.0,26.0,100.0,148.0,287.0,91.0,83.0,46.0,8.0,22.0,85.0,64.0
FI,2007.0,0.10274931533472818,0.04174805360863264,1034.0,9.0,16.0,75.0,130.0,233.0,167.0,120.0,134.0,35.0,20.0,31.0,64.0
FI,2010.0,0.11273344029318587,-0.07688621339455763,1004.0,10.0,28.0,63.0,97.0,190.0,186.0,118.0,119.0,28.0,13.0,74.0,78.0
FI,2012.0,0.0530807859587712,0.07844092314060125,1009.0,16.0,25.0,74.0,113.0,210.0,189.0,136.0,94.0,24.0,9.0,39.0,80.0
FI,2014.0,0.05416490132741232,0.04646464848401766,1009.0,27.0,34.0,77.0,102.0,208.0,165.0,137.0,102.0,22.0,16.0,35.0,84.0
FI,2015.0,0.0945565112586147,0.06900108413399068,1010.0,22.0,24.0,84.0,117.0,233.0,153.0,156.0,97.0,36.0,13.0,29.0,46.0
FI,2016.0,0.11493981116010304,0.049695297078817646,1000.0,23.0,32.0,80.0,101.0,227.0,168.0,151.0,106.0,28.0,20.0,32.0,32.0
FI,2017.0,0.08247584770290554,0.02345879305881455,1011.0,20.0,30.0,58.0,109.0,231.0,139.0,156.0,117.0,22.0,32.0,28.0,69.0
FI,2019.0,0.07442813484535571,0.09773678465009569,1011.0,24.0,27.0,56.0,127.0,266.0,151.0,131.0,117.0,27.0,13.0,13.0,59.0
FI,2020.0,0.2199718562560023,0.0710888956978562,1096.0,25.0,55.0,144.0,118.0,185.0,146.0,181.0,150.0,40.0,37.0,3.0,12.0
FI,2020.5,0.24112716848083077,0.04592735988442577,1016.0,21.0,52.0,108.0,97.0,184.0,135.0,163.0,163.0,54.0,30.0,4.0,5.0
FI,2021.0,0.1838274300229149,0.013411933877752665,1075.0,32.0,43.0,112.0,109.0,191.0,141.0,138.0,154.0,70.0,42.0,16.0,27.0
FI,2021.5,0.15799920356233402,-0.01500407461376481,1004.0,29.0,41.0,89.0,78.0,193.0,137.0,130.0,137.0,64.0,48.0,15.0,43.0
FI,2022.0,0.09592026078915483,0.026990131897861296,1008.0,24.0,25.0,67.0,88.0,254.0,147.0,129.0,113.0,49.0,30.0,14.0,68.0
FI,2023.0,0.12365957933992162,0.04280507425739105,1003.0,27.0,35.0,97.0,94.0,224.0,124.0,146.0,128.0,43.0,25.0,17.0,43.0
FI,2024.5,0.13285210865163352,0.03491065513301203,1008.0,30.0,57.0,96.0,125.0,177.0,140.0,119.0,120.0,35.0,42.0,15.0,52.0
FI,2025.0,0.15656004974546797,0.0377082103988895,1009.0,36.0,33.0,82.0,123.0,194.0,131.0,136.0,162.0,36.0,19.0,12.0,45.0
FR,2007.0,0.0385190486438997,0.04802632886665986,1035.0,41.0,42.0,135.0,103.0,242.0,110.0,129.0,77.0,19.0,30.0,43.0,64.0
FR,2010.0,-0.10201848361324661,0.04437779616410791,1000.0,35.0,53.0,135.0,110.0,236.0,66.0,66.0,53.0,13.0,14.0,73.0,146.0
FR,2012.0,-0.025616495322853088,0.027696137681595276,1008.0,64.0,44.0,139.0,106.0,237.0,79.0,85.0,57.0,10.0,38.0,55.0,94.0
FR,2014.0,-0.08729940189160003,0.030822224730027978,1011.0,51.0,37.0,123.0,110.0,257.0,71.0,79.0,35.0,7.0,47.0,49.0,145.0
FR,2015.0,-0.06525676839066351,0.014356422899621786,1032.0,46.0,34.0,111.0,89.0,277.0,77.0,83.0,60.0,11.0,69.0,33.0,142.0
FR,2016.0,-0.056998617882482894,-0.0003211413322701601,1026.0,46.0,33.0,107.0,96.0,274.0,75.0,85.0,54.0,19.0,51.0,52.0,134.0
FR,2017.0,-0.05826663146064473,0.02543589000297796,1017.0,63.0,47.0,114.0,100.0,291.0,69.0,68.0,45.0,12.0,46.0,52.0,110.0
FR,2019.0,-0.061210138470169394,0.053531978211807996,1018.0,44.0,47.0,125.0,117.0,285.0,84.0,63.0,38.0,14.0,38.0,43.0,120.0
FR,2020.0,-0.08189430156385065,0.06313053709127374,1002.0,35.0,37.0,104.0,99.0,313.0,93.0,62.0,48.0,7.0,29.0,33.0,142.0
FR,2020.5,-0.10863215085909166,0.060064924305093324,1019.0,34.0,48.0,115.0,79.0,296.0,84.0,76.0,42.0,12.0,32.0,27.0,174.0
FR,2021.0,-0.08231529627814398,0.04455541250214605,1007.0,38.0,35.0,127.0,81.0,293.0,60.0,80.0,64.0,13.0,43.0,28.0,145.0
FR,2021.5,-0.07601822627875694,0.03649678206104374,1013.0,51.0,41.0,125.0,77.0,264.0,105.0,63.0,50.0,19.0,34.0,33.0,151.0
FR,2022.0,-0.06414715158132933,0.024524159521794785,1002.0,39.0,37.0,110.0,92.0,255.0,90.0,85.0,53.0,15.0,40.0,36.0,150.0
FR,2023.0,-0.06278002143965837,0.008936205329553578,1003.0,42.0,55.0,101.0,97.0,258.0,68.0,81.0,48.0,28.0,42.0,45.0,138.0
FR,2024.5,-0.03757498205477398,-0.0153879699061543,1001.0,36.0,33.0,119.0,101.0,221.0,87.0,84.0,51.0,29.0,59.0,57.0,124.0
FR,2025.0,-0.03662509488067333,-0.005720366945998998,1005.0,36.0,42.0,101.0,98.0,232.0,87.0,82.0,68.0,27.0,61.0,38.0,133.0
HR,2007.0,-0.07311883028559071,-0.07869290303634742,1001.0,74.0,25.0,77.0,72.0,232.0,91.0,47.0,70.0,25.0,70.0,72.0,146.0
HR,2014.0,-0.02161087120929683,-0.10428264165751955,1009.0,62.0,40.0,87.0,72.0,244.0,75.0,81.0,41.0,25.0,86.0,118.0,78.0
HR,2015.0,0.030521055796306353,-0.06024224132052238,1059.0,51.0,38.0,83.0,105.0,206.0,93.0,115.0,100.0,30.0,81.0,75.0,82.0
HR,2016.0,0.0034028434901365126,-0.01602858550485554,1006.0,39.0,32.0,90.0,123.0,257.0,86.0,82.0,71.0,23.0,58.0,74.0,71.0
HR,2017.0,0.011813183092073564,-0.0013515258383155905,1018.0,49.0,37.0,98.0,113.0,286.0,91.0,77.0,59.0,32.0,50.0,73.0,53.0
HR,2019.0,0.021137096476717965,0.005634905183389537,1015.0,51.0,44.0,87.0,104.0,286.0,91.0,77.0,63.0,30.0,89.0,29.0,64.0
HR,2020.0,0.12248418699599395,0.02232213749587976,1019.0,30.0,24.0,74.0,106.0,339.0,123.0,97.0,85.0,37.0,63.0,26.0,15.0
HR,2020.5,0.10167036302739135,0.002040944999646538,1029.0,57.0,32.0,70.0,86.0,307.0,127.0,110.0,92.0,31.0,61.0,34.0,22.0
HR,2021.0,0.16028237774354678,-0.00782291742985428,1040.0,59.0,28.0,88.0,89.0,310.0,159.0,89.0,59.0,47.0,82.0,17.0,13.0
HR,2021.5,0.11053352949021909,-0.02783495855235737,1007.0,51.0,36.0,74.0,99.0,298.0,120.0,80.0,66.0,30.0,95.0,39.0,19.0
HR,2022.0,0.11972806795980094,-0.050905992332165834,1008.0,54.0,25.0,49.0,81.0,274.0,149.0,94.0,94.0,41.0,80.0,44.0,23.0
HR,2023.0,0.08072125259735709,-0.033482200876356616,1034.0,62.0,25.0,72.0,95.0,318.0,125.0,82.0,52.0,46.0,82.0,44.0,31.0
HR,2024.5,0.14209802567618848,-0.07923609474370662,1004.0,65.0,16.0,46.0,113.0,200.0,156.0,99.0,104.0,24.0,112.0,32.0,37.0
HR,2025.0,0.16300446709493313,-0.034704424568388785,1012.0,57.0,23.0,65.0,119.0,253.0,142.0,96.0,79.0,28.0,115.0,15.0,20.0
HU,2007.0,-0.038459668853796584,-0.10780947859188589,1000.0,34.0,17.0,56.0,73.0,254.0,68.0,95.0,82.0,20.0,74.0,125.0,102.0
HU,2010.0,0.03115877405895408,-0.14692952477511262,1014.0,29.0,12.0,40.0,74.0,241.0,117.0,95.0,84.0,28.0,80.0,152.0,62.0
HU,2012.0,-0.0226078831411547,-0.1159073065823622,1006.0,47.0,20.0,57.0,68.0,221.0,118.0,95.0,50.0,25.0,77.0,130.0,98.0
HU,2014.0,-0.006030433922399567,-0.15004601510946783,1056.0,49.0,15.0,39.0,49.0,297.0,104.0,89.0,77.0,27.0,97.0,142.0,71.0
HU,2015.0,0.031179207662260976,-0.087492518784681,1079.0,39.0,23.0,77.0,70.0,316.0,105.0,96.0,88.0,19.0,88.0,112.0,46.0
HU,2016.0,-0.01026411805676517,-0.13647658629527526,1029.0,19.0,25.0,48.0,45.0,291.0,95.0,101.0,92.0,29.0,54.0,150.0,80.0
HU,2017.0,0.02023686790064217,-0.11986260527545488,1049.0,37.0,28.0,45.0,57.0,271.0,110.0,100.0,98.0,35.0,73.0,129.0,66.0
HU,2019.0,0.09468417394896912,-0.051340642568780986,1028.0,43.0,24.0,72.0,83.0,247.0,124.0,94.0,104.0,60.0,93.0,33.0,51.0
HU,2020.0,0.17479128459493187,-0.015078858589356267,1072.0,21.0,18.0,74.0,98.0,296.0,178.0,120.0,117.0,49.0,61.0,30.0,10.0
HU,2020.5,0.15535053977852642,-0.034406196234433535,1045.0,29.0,27.0,67.0,80.0,284.0,189.0,96.0,120.0,43.0,51.0,47.0,12.0
HU,2021.0,0.1976426324878813,-0.05187969764095076,1018.0,18.0,18.0,61.0,90.0,200.0,220.0,117.0,123.0,53.0,72.0,32.0,14.0
HU,2021.5,0.16660576640640795,-0.06287482905983373,1025.0,28.0,22.0,58.0,86.0,201.0,170.0,132.0,133.0,49.0,82.0,45.0,19.0
HU,2022.0,0.13134247653958203,-0.03704587666145058,1043.0,26.0,34.0,80.0,81.0,217.0,207.0,113.0,108.0,38.0,52.0,58.0,29.0
HU,2023.0,0.12341960791721256,-0.09358802872555108,1019.0,34.0,18.0,69.0,99.0,192.0,131.0,99.0,119.0,54.0,98.0,72.0,34.0
HU,2024.5,0.12970511760680545,0.0046800760547597445,1015.0,18.0,20.0,82.0,101.0,252.0,176.0,143.0,77.0,28.0,55.0,41.0,22.0
HU,2025.0,0.0976333536335663,-0.011970660851775651,1011.0,14.0,35.0,97.0,92.0,228.0,152.0,142.0,78.0,24.0,39.0,77.0,33.0
IE,2007.0,-0.11247971994827302,0.0555653822174454,1008.0,21.0,24.0,42.0,77.0,287.0,139.0,101.0,71.0,22.0,32.0,21.0,171.0
IE,2010.0,-0.15924886333740887,0.03867156120445318,973.0,23.0,16.0,47.0,65.0,274.0,146.0,78.0,39.0,14.0,23.0,40.0,208.0
IE,2012.0,-0.059811632621885755,0.07953563280393715,1008.0,29.0,36.0,69.0,102.0,347.0,118.0,75.0,50.0,14.0,22.0,27.0,119.0
IE,2014.0,-0.1200173570047466,0.0835058925783386,1004.0,30.0,29.0,65.0,72.0,354.0,104.0,73.0,50.0,21.0,25.0,14.0,167.0
IE,2015.0,-0.09782500540893523,0.13540598479162572,1016.0,31.0,19.0,59.0,95.0,401.0,143.0,65.0,31.0,12.0,29.0,13.0,118.0
IE,2016.0,-0.08923082652801564,0.1358014056451499,1013.0,26.0,32.0,67.0,76.0,435.0,114.0,68.0,44.0,13.0,16.0,17.0,105.0
IE,2017.0,-0.10680072716694096,0.10105447450812546,1004.0,28.0,16.0,38.0,60.0,391.0,121.0,76.0,84.0,31.0,26.0,19.0,114.0
IE,2019.0,-0.07280687146702829,0.13921658121097188,1015.0,29.0,31.0,76.0,108.0,430.0,109.0,61.0,29.0,5.0,16.0,59.0,62.0
IE,2020.0,0.1076320199358995,0.1735088852377831,1017.0,41.0,37.0,137.0,161.0,281.0,155.0,89.0,49.0,18.0,35.0,2.0,12.0
IE,2020.5,0.1254473406174036,0.22307950215099231,1026.0,42.0,61.0,160.0,176.0,280.0,145.0,91.0,45.0,9.0,14.0,0.0,3.0
IE,2021.0,-0.03301866604825028,0.22206512009858517,1005.0,12.0,31.0,73.0,85.0,484.0,139.0,79.0,31.0,11.0,14.0,4.0,42.0
IE,2021.5,-0.0543276088142381,0.2188062095251538,1012.0,16.0,13.0,69.0,105.0,509.0,116.0,72.0,31.0,6.0,26.0,7.0,42.0
IE,2022.0,-0.059404152891789956,0.2031398660876916,1007.0,18.0,12.0,55.0,120.0,480.0,133.0,61.0,35.0,13.0,16.0,12.0,52.0
IE,2023.0,-0.1160250403366317,0.1873753230948785,1016.0,19.0,16.0,50.0,91.0,490.0,132.0,49.0,28.0,14.0,19.0,8.0,100.0
IE,2024.5,-0.042463764627425016,0.2082969087624893,1005.0,11.0,23.0,73.0,106.0,453.0,136.0,86.0,37.0,5.0,9.0,6.0,60.0
IE,2025.0,-0.02999379919259102,0.20292515887586324,1007.0,19.0,15.0,64.0,129.0,447.0,131.0,83.0,44.0,7.0,10.0,7.0,51.0
IT,2007.0,0.0009480790562005042,-0.1798378835511804,1045.0,65.0,52.0,86.0,97.0,162.0,74.0,84.0,49.0,27.0,55.0,204.0,90.0
IT,2010.0,0.07373114527481857,-0.22545386507438642,1038.0,48.0,41.0,81.0,97.0,108.0,105.0,114.0,62.0,15.0,31.0,271.0,65.0
IT,2012.0,0.020386820528561497,-0.24942383876845173,1012.0,69.0,39.0,76.0,78.0,108.0,99.0,66.0,48.0,15.0,52.0,278.0,84.0
IT,2014.0,0.020527349999599525,-0.20564777204939272,1009.0,34.0,54.0,100.0,84.0,125.0,113.0,68.0,67.0,12.0,24.0,218.0,110.0
IT,2015.0,0.0666791242277204,-0.16218902353884396,1014.0,31.0,40.0,72.0,102.0,136.0,117.0,134.0,74.0,14.0,37.0,184.0,73.0
IT,2016.0,0.0020361105912469184,-0.23334172902570982,1014.0,35.0,26.0,88.0,76.0,138.0,73.0,84.0,63.0,13.0,40.0,283.0,95.0
IT,2017.0,0.0237122425697996,-0.23829987139384468,1027.0,30.0,32.0,81.0,105.0,125.0,89.0,69.0,61.0,19.0,38.0,289.0,89.0
IT,2019.0,0.010222336524142773,-0.0421508899095107,1024.0,34.0,27.0,96.0,110.0,176.0,118.0,118.0,88.0,21.0,53.0,68.0,115.0
IT,2020.0,0.10936806129685922,-0.07380100624649583,1022.0,14.0,16.0,66.0,124.0,194.0,176.0,160.0,80.0,17.0,18.0,91.0,66.0
IT,2020.5,0.0787799010310385,-0.006007107048664251,1033.0,23.0,27.0,107.0,126.0,200.0,139.0,148.0,83.0,16.0,27.0,89.0,48.0
IT,2021.0,0.09461647575260025,-0.08266824965782252,1020.0,27.0,24.0,75.0,135.0,170.0,145.0,140.0,86.0,15.0,35.0,116.0,52.0
IT,2021.5,0.08582458599490257,-0.09066741255414712,1019.0,29.0,18.0,75.0,133.0,176.0,154.0,151.0,65.0,13.0,23.0,117.0,65.0
IT,2022.0,0.10880127323638386,-0.0946982665507922,1028.0,29.0,16.0,87.0,135.0,159.0,170.0,141.0,78.0,13.0,28.0,115.0,57.0
IT,2023.0,0.07844412858625877,-0.10469103777027926,1047.0,21.0,23.0,78.0,125.0,181.0,134.0,150.0,86.0,15.0,33.0,137.0,64.0
IT,2024.5,0.10937412949191484,-0.08103332560070946,1036.0,34.0,18.0,57.0,118.0,188.0,168.0,130.0,111.0,31.0,35.0,103.0,43.0
IT,2025.0,0.13729541353776736,-0.06072832407727289,1026.0,24.0,15.0,62.0,123.0,205.0,170.0,156.0,93.0,27.0,36.0,89.0,26.0
LT,2007.0,-0.2641012661340665,-0.0994330159775885,1016.0,42.0,28.0,42.0,56.0,194.0,52.0,30.0,40.0,20.0,59.0,69.0,384.0
LT,2010.0,-0.2755784761940065,-0.1397694730937007,1025.0,52.0,34.0,43.0,32.0,196.0,37.0,30.0,36.0,11.0,46.0,118.0,390.0
LT,2012.0,-0.21994856059737297,-0.11573509633668985,1011.0,88.0,32.0,46.0,45.0,230.0,44.0,31.0,45.0,24.0,69.0,72.0,285.0
LT,2014.0,-0.252904436746247,-0.04362600527890525,1008.0,71.0,36.0,55.0,31.0,304.0,45.0,30.0,32.0,17.0,73.0,35.0,279.0
LT,2015.0,-0.23562692681887776,-0.06456048364970365,1012.0,62.0,37.0,56.0,33.0,271.0,56.0,37.0,34.0,22.0,84.0,36.0,284.0
LT,2016.0,-0.2219592484868441,-0.04149727244444999,1000.0,47.0,37.0,53.0,43.0,309.0,46.0,48.0,28.0,11.0,63.0,54.0,261.0
LT,2017.0,-0.22634390950102046,-0.09760016072603878,1003.0,36.0,28.0,45.0,31.0,271.0,57.0,34.0,43.0,15.0,90.0,71.0,282.0
LT,2019.0,-0.23826346203305745,-0.04242365809813259,1001.0,50.0,38.0,46.0,41.0,313.0,38.0,33.0,44.0,21.0,63.0,41.0,273.0
LT,2020.0,0.06360393712446837,0.18523659269437315,1042.0,30.0,26.0,50.0,78.0,396.0,167.0,101.0,84.0,35.0,55.0,2.0,18.0
LT,2020.5,0.07330087468201081,0.21013321457889694,1025.0,33.0,24.0,55.0,81.0,416.0,128.0,113.0,82.0,30.0,56.0,1.0,6.0
LT,2021.0,-0.20899635900607685,-0.03565761136534902,1004.0,56.0,31.0,52.0,58.0,283.0,45.0,49.0,44.0,23.0,48.0,42.0,273.0
LT,2021.5,-0.19483288355028458,-0.03552281508574216,1005.0,42.0,30.0,46.0,45.0,286.0,65.0,71.0,44.0,15.0,36.0,55.0,270.0
LT,2022.0,-0.18475123800760376,-0.05424954829998328,1004.0,52.0,44.0,67.0,47.0,248.0,57.0,56.0,50.0,19.0,37.0,64.0,263.0
LT,2023.0,-0.21114440349561095,-0.06954473527799224,1016.0,64.0,41.0,57.0,60.0,220.0,57.0,58.0,36.0,9.0,54.0,61.0,299.0
LT,2024.5,-0.21204499243621575,-0.051506902058200604,1018.0,34.0,19.0,43.0,46.0,232.0,100.0,59.0,56.0,24.0,33.0,57.0,315.0
LT,2025.0,-0.17379951441116817,-0.07407387587211396,1003.0,49.0,29.0,64.0,58.0,217.0,72.0,60.0,44.0,18.0,43.0,83.0,266.0
LU,2007.0,-0.11706516620073211,-0.02795950034720951,503.0,18.0,8.0,25.0,31.0,183.0,40.0,33.0,29.0,11.0,11.0,50.0,64.0
LU,2010.0,-0.11123134330525242,0.0024665659225460014,501.0,15.0,13.0,43.0,40.0,147.0,44.0,39.0,18.0,9.0,13.0,35.0,85.0
LU,2012.0,-0.01970530258523669,0.07593480959019626,504.0,25.0,12.0,51.0,54.0,163.0,55.0,44.0,26.0,4.0,14.0,15.0,41.0
LU,2014.0,-0.09730155643685735,0.011903349722961669,504.0,21.0,14.0,33.0,43.0,146.0,34.0,55.0,39.0,1.0,13.0,29.0,76.0
LU,2015.0,-0.14065269149140006,0.06255953043334721,502.0,15.0,10.0,46.0,43.0,169.0,25.0,44.0,22.0,11.0,8.0,18.0,91.0
LU,2016.0,-0.07201822297632805,0.009819383496765761,505.0,33.0,14.0,44.0,41.0,158.0,39.0,38.0,24.0,8.0,16.0,28.0,62.0
LU,2017.0,-0.12195184144092971,0.029193866121155623,506.0,15.0,18.0,43.0,43.0,167.0,47.0,26.0,15.0,5.0,10.0,56.0,61.0
LU,2019.0,-0.16086985938739617,0.023679700531755433,508.0,17.0,9.0,46.0,45.0,152.0,44.0,22.0,21.0,1.0,17.0,31.0,103.0
LU,2020.0,0.07291473575893935,0.19455049223368323,530.0,13.0,21.0,72.0,66.0,171.0,82.0,63.0,13.0,6.0,12.0,5.0,6.0
LU,2020.5,0.09401358578529018,0.13588102223225007,514.0,19.0,26.0,59.0,72.0,138.0,65.0,76.0,27.0,4.0,10.0,8.0,10.0
LU,2021.0,-0.05551153162436751,0.1296262893103052,506.0,9.0,14.0,49.0,62.0,200.0,46.0,29.0,28.0,3.0,8.0,21.0,37.0
LU,2021.5,-0.11349782176047662,0.1730060227121329,502.0,6.0,12.0,48.0,56.0,221.0,48.0,28.0,9.0,0.0,6.0,30.0,38.0
LU,2022.0,-0.07958465939377178,0.1473793512653022,508.0,11.0,13.0,57.0,75.0,195.0,39.0,26.0,15.0,6.0,5.0,28.0,38.0
LU,2023.0,-0.06815707619041242,0.11975953693313339,508.0,10.0,8.0,41.0,44.0,210.0,62.0,35.0,16.0,4.0,18.0,28.0,32.0
LU,2024.5,-0.04574893408410235,0.1446809032416414,509.0,8.0,25.0,41.0,60.0,197.0,56.0,40.0,18.0,4.0,8.0,12.0,40.0
LU,2025.0,-0.014546194030884136,0.15330511203083705,503.0,13.0,20.0,51.0,53.0,190.0,69.0,44.0,14.0,3.0,7.0,13.0,26.0
LV,2007.0,-0.1396630663495854,-0.06255262574279649,1005.0,19.0,14.0,43.0,49.0,228.0,123.0,89.0,83.0,32.0,50.0,59.0,216.0
LV,2010.0,-0.10576693034775711,-0.07209708990563744,999.0,18.0,17.0,39.0,49.0,262.0,109.0,94.0,79.0,35.0,47.0,83.0,167.0
LV,2012.0,-0.12261427392815501,-0.14262545315769581,1021.0,26.0,9.0,35.0,57.0,185.0,105.0,86.0,81.0,44.0,88.0,94.0,211.0
LV,2014.0,-0.1850169692314441,0.042256842171020645,1004.0,34.0,6.0,32.0,37.0,326.0,100.0,96.0,74.0,24.0,79.0,17.0,179.0
LV,2015.0,-0.1871588805101655,0.032270206591134755,1001.0,16.0,10.0,24.0,49.0,302.0,110.0,99.0,81.0,22.0,47.0,28.0,213.0
LV,2016.0,-0.17218603033352828,-0.016544550865079527,1000.0,26.0,14.0,32.0,33.0,280.0,118.0,97.0,86.0,15.0,72.0,27.0,200.0
LV,2017.0,-0.17050838021000933,-0.08017728888714461,1001.0,31.0,11.0,19.0,41.0,255.0,105.0,83.0,88.0,29.0,74.0,43.0,222.0
LV,2019.0,-0.16263941349305297,-0.032426439491194704,1005.0,20.0,13.0,26.0,31.0,312.0,115.0,102.0,66.0,44.0,51.0,46.0,179.0
LV,2020.0,0.05760743747327891,0.192258974625504,1020.0,13.0,15.0,45.0,76.0,330.0,200.0,149.0,97.0,25.0,28.0,2.0,40.0
LV,2020.5,0.10734759314108092,0.20781488338543655,1009.0,17.0,15.0,55.0,70.0,338.0,202.0,151.0,105.0,16.0,29.0,4.0,7.0
LV,2021.0,0.20023109289601934,0.030742915423035398,1001.0,22.0,22.0,54.0,66.0,364.0,178.0,139.0,84.0,23.0,32.0,5.0,12.0
LV,2021.5,-0.17083270625353364,0.06683349153645855,1013.0,9.0,9.0,34.0,47.0,305.0,116.0,117.0,90.0,31.0,58.0,21.0,176.0
LV,2022.0,-0.24088710703602964,0.05831982512610103,1031.0,8.0,8.0,20.0,26.0,279.0,93.0,110.0,144.0,33.0,74.0,20.0,216.0
LV,2023.0,-0.22414807812751034,0.0737506464237303,1000.0,9.0,11.0,40.0,19.0,337.0,85.0,78.0,115.0,40.0,29.0,21.0,216.0
LV,2024.5,-0.22507228747783148,0.08827282135992269,1022.0,9.0,9.0,20.0,46.0,225.0,170.0,134.0,71.0,32.0,27.0,23.0,256.0
LV,2025.0,-0.21814646515541763,0.05343518475209962,1006.0,4.0,12.0,33.0,36.0,263.0,131.0,112.0,75.0,24.0,27.0,36.0,253.0
MK,2007.0,-0.19728875663908052,-0.11186084628230926,1009.0,72.0,23.0,49.0,50.0,218.0,57.0,43.0,44.0,34.0,86.0,63.0,270.0
MT,2007.0,-0.22284078396708368,-0.17111304076426456,499.0,42.0,3.0,14.0,14.0,104.0,20.0,22.0,28.0,15.0,39.0,56.0,142.0
MT,2010.0,-0.289121778562374,-0.15970961494321487,501.0,31.0,10.0,11.0,9.0,99.0,27.0,20.0,9.0,4.0,25.0,64.0,192.0
MT,2012.0,-0.31155079572957395,-0.10172955880836643,503.0,42.0,6.0,13.0,14.0,83.0,25.0,25.0,21.0,8.0,31.0,19.0,216.0
MT,2014.0,-0.27085114681265,-0.05448605295064098,502.0,29.0,8.0,17.0,26.0,145.0,16.0,25.0,11.0,6.0,19.0,32.0,168.0
MT,2015.0,-0.2501152070661073,-0.0036870993204318166,502.0,21.0,4.0,20.0,25.0,137.0,48.0,27.0,15.0,4.0,18.0,19.0,164.0
MT,2016.0,-0.2279911572672983,-0.03781015557994204,503.0,21.0,10.0,26.0,35.0,157.0,17.0,23.0,15.0,5.0,17.0,45.0,132.0
MT,2017.0,-0.23667672599050651,-0.05649061643272692,498.0,40.0,24.0,19.0,37.0,141.0,22.0,14.0,12.0,6.0,15.0,42.0,126.0
MT,2019.0,-0.19730669897065803,0.0070390819962938035,511.0,30.0,28.0,43.0,48.0,127.0,27.0,26.0,13.0,4.0,8.0,39.0,118.0
MT,2020.0,-0.12407811738348314,0.0364906777178788,586.0,29.0,16.0,28.0,40.0,216.0,63.0,32.0,21.0,9.0,29.0,23.0,80.0
MT,2020.5,-0.06878976098215811,0.03434119896020108,520.0,27.0,13.0,35.0,57.0,144.0,62.0,41.0,18.0,7.0,30.0,15.0,71.0
MT,2021.0,-0.0451061753129901,0.006688168716844755,505.0,29.0,7.0,27.0,45.0,165.0,59.0,31.0,31.0,10.0,35.0,16.0,50.0
MT,2021.5,-0.1405821066415119,0.08162861117906499,504.0,28.0,15.0,47.0,49.0,183.0,33.0,20.0,12.0,2.0,14.0,56.0,45.0
MT,2022.0,-0.15017459123614352,0.08122974749376799,508.0,22.0,3.0,44.0,73.0,174.0,28.0,25.0,11.0,11.0,16.0,36.0,65.0
MT,2023.0,-0.12091586100885894,-0.016022302816921616,511.0,36.0,5.0,31.0,45.0,139.0,39.0,40.0,35.0,12.0,10.0,28.0,91.0
MT,2024.5,0.04387857979816955,-0.1001254240773406,502.0,47.0,21.0,30.0,46.0,89.0,43.0,45.0,58.0,27.0,19.0,25.0,52.0
MT,2025.0,-0.041416509090827,-0.0601093284231557,502.0,30.0,15.0,24.0,38.0,115.0,54.0,42.0,45.0,24.0,16.0,31.0,68.0
NL,2007.0,0.15040720391665421,0.1559837323752064,1007.0,23.0,33.0,136.0,175.0,187.0,134.0,178.0,87.0,11.0,10.0,6.0,27.0
NL,2010.0,0.13896529149720444,0.09564474648033176,1025.0,46.0,59.0,146.0,137.0,188.0,125.0,130.0,101.0,23.0,25.0,8.0,37.0
NL,2012.0,0.12740975674672977,0.12439606700461019,1004.0,38.0,41.0,138.0,149.0,204.0,155.0,135.0,81.0,9.0,17.0,12.0,25.0
NL,2014.0,0.09397894862068117,0.15266832931112173,1019.0,20.0,40.0,135.0,158.0,230.0,129.0,151.0,79.0,11.0,9.0,6.0,51.0
NL,2015.0,0.13177150735608922,0.13783639003364512,1022.0,38.0,46.0,147.0,141.0,235.0,132.0,140.0,85.0,18.0,12.0,4.0,24.0
NL,2016.0,0.1421939176296261,0.16482340059662215,1020.0,39.0,61.0,162.0,174.0,199.0,133.0,134.0,73.0,4.0,13.0,8.0,20.0
NL,2017.0,0.12904697333304405,0.14094106779777274,1014.0,35.0,58.0,157.0,158.0,204.0,145.0,106.0,81.0,18.0,15.0,5.0,32.0
NL,2019.0,0.13649624626597304,0.17164909303643566,1017.0,39.0,64.0,171.0,147.0,219.0,119.0,150.0,54.0,20.0,8.0,3.0,23.0
NL,2020.0,0.16854344096276644,0.1958445029011898,1006.0,22.0,61.0,180.0,185.0,181.0,156.0,126.0,63.0,9.0,10.0,2.0,11.0
NL,2020.5,0.20435423609425532,0.16929527942083078,1005.0,25.0,61.0,165.0,166.0,174.0,131.0,148.0,106.0,15.0,8.0,1.0,5.0
NL,2021.0,0.20397264998950845,0.1785551577920795,1007.0,48.0,98.0,179.0,135.0,168.0,138.0,124.0,93.0,6.0,12.0,1.0,5.0
NL,2021.5,0.1787223833630493,0.14245494845384576,1033.0,44.0,69.0,143.0,136.0,198.0,150.0,162.0,93.0,11.0,13.0,7.0,7.0
NL,2022.0,0.174697770113899,0.17077095586252886,1012.0,35.0,72.0,190.0,145.0,174.0,142.0,144.0,68.0,10.0,15.0,2.0,15.0
NL,2023.0,0.1614696870101567,0.1635998747276004,1036.0,41.0,57.0,166.0,177.0,181.0,156.0,141.0,73.0,10.0,11.0,5.0,18.0
NL,2024.5,0.173943708578696,0.15445260447334003,1011.0,47.0,66.0,130.0,169.0,187.0,163.0,137.0,71.0,13.0,16.0,4.0,8.0
NL,2025.0,0.1926539355979401,0.14719513300950965,1016.0,42.0,73.0,149.0,169.0,158.0,143.0,164.0,73.0,14.0,15.0,7.0,9.0
PL,2007.0,-0.18862984079697803,-0.07045913553842699,1000.0,38.0,18.0,40.0,49.0,217.0,67.0,86.0,75.0,37.0,84.0,28.0,261.0
PL,2010.0,-0.17906736462088957,-0.08887809361203727,1000.0,48.0,18.0,35.0,44.0,220.0,70.0,79.0,75.0,30.0,72.0,46.0,263.0
PL,2012.0,-0.10320644450118574,-0.08068060399018155,998.0,40.0,22.0,58.0,52.0,248.0,84.0,65.0,78.0,33.0,93.0,53.0,172.0
PL,2014.0,-0.09076870841537699,-0.08733985790972602,1012.0,46.0,13.0,48.0,64.0,237.0,89.0,87.0,76.0,31.0,101.0,53.0,167.0
PL,2015.0,-0.12047759357507404,-0.128818495260521,1014.0,40.0,29.0,46.0,54.0,178.0,80.0,77.0,96.0,26.0,96.0,79.0,213.0
PL,2016.0,-0.13116110132047132,-0.06338101798081315,1020.0,22.0,20.0,35.0,64.0,212.0,110.0,113.0,88.0,36.0,69.0,40.0,211.0
PL,2017.0,-0.16206987945485965,-0.12160788946079765,1009.0,48.0,28.0,33.0,41.0,175.0,104.0,76.0,74.0,27.0,79.0,67.0,257.0
PL,2019.0,0.0037645505614465617,-0.09460078204730153,1025.0,60.0,22.0,58.0,61.0,257.0,99.0,85.0,93.0,25.0,126.0,31.0,108.0
PL,2020.0,0.11686777072611987,0.051117088733785634,1018.0,57.0,41.0,83.0,96.0,245.0,160.0,111.0,99.0,37.0,41.0,7.0,41.0
PL,2020.5,0.11201705546001008,0.05720279063899423,1039.0,44.0,46.0,117.0,122.0,215.0,128.0,120.0,101.0,31.0,57.0,9.0,49.0
PL,2021.0,0.08860618459647476,0.04214582460836981,1036.0,56.0,47.0,85.0,112.0,216.0,146.0,129.0,93.0,25.0,49.0,12.0,66.0
PL,2021.5,0.14820169032589345,0.0032352443355966013,1013.0,68.0,43.0,83.0,109.0,222.0,124.0,107.0,95.0,31.0,88.0,5.0,38.0
PL,2022.0,0.11112570400899884,-0.005179580795244315,1015.0,46.0,44.0,74.0,94.0,209.0,162.0,111.0,101.0,40.0,62.0,19.0,53.0
PL,2023.0,0.18242324475423088,-0.06034417077008082,1015.0,45.0,44.0,63.0,92.0,159.0,163.0,120.0,111.0,74.0,88.0,10.0,46.0
PL,2024.5,0.16471114592117692,-0.021018002086697296,1019.0,32.0,21.0,44.0,110.0,240.0,161.0,143.0,110.0,51.0,63.0,15.0,29.0
PL,2025.0,0.14103379024038468,-0.006766029032054295,1018.0,20.0,25.0,65.0,121.0,216.0,185.0,132.0,89.0,39.0,66.0,23.0,37.0
PT,2007.0,-0.11782351135949264,0.009547696720053104,998.0,28.0,52.0,113.0,104.0,193.0,97.0,71.0,49.0,11.0,24.0,74.0,182.0
PT,2010.0,-0.21535295406949534,0.03311308413220601,1046.0,25.0,34.0,144.0,93.0,160.0,70.0,86.0,55.0,10.0,6.0,118.0,245.0
PT,2012.0,-0.17219877109468434,0.012461237636399955,1018.0,52.0,38.0,76.0,124.0,267.0,62.0,34.0,52.0,16.0,9.0,89.0,199.0
PT,2014.0,-0.19979321935344863,0.004317628031574869,1000.0,46.0,29.0,98.0,85.0,250.0,45.0,68.0,35.0,6.0,9.0,95.0,234.0
PT,2015.0,-0.13306973938484248,-0.013893199625850136,1096.0,60.0,30.0,102.0,115.0,216.0,83.0,80.0,75.0,16.0,15.0,80.0,224.0
PT,2016.0,-0.1825032528461001,-0.0007563745922040065,1080.0,58.0,26.0,97.0,129.0,241.0,51.0,75.0,35.0,11.0,24.0,78.0,255.0
PT,2017.0,-0.13435680373799702,-0.10526621410564231,1063.0,66.0,40.0,93.0,97.0,220.0,54.0,54.0,53.0,8.0,43.0,136.0,199.0
PT,2019.0,-0.1381577601442938,0.022186883043958553,1007.0,39.0,30.0,125.0,107.0,238.0,58.0,67.0,57.0,10.0,12.0,81.0,183.0
PT,2020.0,-0.11479876547079575,0.007854219980979281,1011.0,31.0,21.0,83.0,87.0,284.0,72.0,87.0,80.0,9.0,11.0,80.0,166.0
PT,2020.5,0.10748432079737877,0.12269763970060717,1036.0,47.0,38.0,114.0,143.0,293.0,128.0,131.0,71.0,18.0,29.0,12.0,12.0
PT,2021.0,-0.08517309824660647,0.003485689952039796,1005.0,52.0,21.0,107.0,97.0,278.0,62.0,78.0,59.0,10.0,37.0,59.0,145.0
PT,2021.5,-0.08934182024513869,-0.01277982462289101,1007.0,34.0,26.0,81.0,82.0,296.0,75.0,75.0,62.0,21.0,32.0,68.0,155.0
PT,2022.0,-0.07922322192380946,0.0007077976503292202,1028.0,35.0,23.0,92.0,123.0,288.0,75.0,67.0,56.0,16.0,41.0,69.0,143.0
PT,2023.0,-0.08301805388806446,-0.009894665319684238,1029.0,28.0,25.0,112.0,116.0,269.0,58.0,95.0,45.0,15.0,36.0,95.0,135.0
PT,2024.5,0.030332789581048503,0.14872469136173513,1030.0,4.0,11.0,74.0,117.0,221.0,105.0,196.0,143.0,22.0,13.0,61.0,63.0
PT,2025.0,-0.009061546209919263,-0.06974408027210514,1039.0,35.0,20.0,78.0,125.0,234.0,69.0,119.0,68.0,26.0,69.0,103.0,93.0
RO,2007.0,-0.13513559406825804,-0.16978351604766367,1000.0,26.0,33.0,42.0,69.0,100.0,108.0,102.0,83.0,48.0,50.0,86.0,253.0
RO,2010.0,-0.17885692340457215,-0.16409803560540975,1013.0,51.0,43.0,54.0,53.0,125.0,82.0,55.0,48.0,52.0,56.0,110.0,284.0
RO,2012.0,-0.16122419075581973,-0.16151193617793713,1066.0,74.0,49.0,52.0,48.0,147.0,82.0,60.0,56.0,43.0,81.0,108.0,266.0
RO,2014.0,-0.19416396459308927,-0.16614025910859145,1036.0,72.0,17.0,38.0,39.0,200.0,50.0,44.0,58.0,35.0,134.0,93.0,256.0
RO,2015.0,-0.1917748748162548,-0.0780185644815898,1028.0,72.0,14.0,35.0,41.0,287.0,71.0,75.0,45.0,9.0,63.0,67.0,249.0
RO,2016.0,-0.1846988808597573,-0.1505068879564959,1005.0,95.0,24.0,48.0,47.0,225.0,41.0,46.0,37.0,11.0,79.0,124.0,228.0
RO,2017.0,-0.07238123774417644,-0.1261996356615722,1032.0,76.0,32.0,77.0,60.0,251.0,68.0,64.0,54.0,16.0,62.0,147.0,125.0
RO,2019.0,0.00450541083518666,-0.10742202148567806,1089.0,92.0,30.0,44.0,79.0,309.0,86.0,77.0,80.0,33.0,125.0,37.0,97.0
RO,2020.0,0.08633980536646912,-0.12031429431493296,1069.0,98.0,17.0,44.0,57.0,270.0,158.0,103.0,77.0,39.0,93.0,70.0,43.0
RO,2020.5,0.07975807017238883,-0.09969900186798455,1045.0,98.0,18.0,56.0,63.0,277.0,95.0,113.0,96.0,46.0,86.0,54.0,43.0
RO,2021.0,0.041025728790921645,-0.0835505535336,1058.0,104.0,22.0,50.0,60.0,258.0,135.0,116.0,91.0,31.0,51.0,69.0,71.0
RO,2021.5,0.05266226516205154,-0.05478395776773554,1057.0,77.0,18.0,75.0,103.0,210.0,116.0,124.0,105.0,50.0,38.0,63.0,78.0
RO,2022.0,0.09171593717697013,-0.05655343300425314,1059.0,61.0,25.0,53.0,76.0,253.0,103.0,138.0,154.0,49.0,44.0,25.0,78.0
RO,2023.0,0.1095346932455378,-0.1152484405643392,1053.0,108.0,20.0,57.0,48.0,211.0,113.0,164.0,121.0,36.0,62.0,21.0,92.0
RO,2024.5,0.14103502937710632,-0.15477134313315552,1057.0,72.0,22.0,46.0,44.0,133.0,154.0,142.0,174.0,73.0,64.0,49.0,84.0
RO,2025.0,0.12144098049135985,-0.10185195116052405,1031.0,76.0,19.0,47.0,63.0,186.0,126.0,161.0,143.0,50.0,53.0,36.0,71.0
SE,2007.0,0.12455675381211123,0.11241938438314932,1002.0,57.0,63.0,134.0,135.0,212.0,113.0,142.0,71.0,11.0,27.0,9.0,28.0
SE,2010.0,0.18391454350574826,0.06449622273428683,1010.0,38.0,53.0,159.0,141.0,151.0,99.0,138.0,122.0,30.0,39.0,19.0,21.0
SE,2012.0,0.17967673152146435,0.12121907960023749,1059.0,55.0,65.0,146.0,146.0,201.0,113.0,178.0,99.0,15.0,24.0,6.0,11.0
SE,2014.0,0.1857905689020306,0.08461393305762414,1029.0,65.0,57.0,165.0,122.0,161.0,101.0,180.0,87.0,17.0,42.0,11.0,21.0
SE,2015.0,0.19500653999310288,0.07145920098576027,1111.0,71.0,82.0,167.0,99.0,192.0,115.0,191.0,94.0,22.0,50.0,14.0,14.0
SE,2016.0,0.17548465978884134,0.11817741034119422,1044.0,47.0,55.0,148.0,147.0,175.0,143.0,174.0,91.0,19.0,21.0,6.0,18.0
SE,2017.0,0.18249715250882026,0.09686472981104796,1026.0,62.0,81.0,152.0,141.0,196.0,74.0,143.0,89.0,27.0,37.0,10.0,14.0
SE,2019.0,0.19665439438445792,0.0952253711457366,1049.0,73.0,74.0,148.0,150.0,170.0,97.0,150.0,110.0,28.0,26.0,10.0,13.0
SE,2020.0,0.23843842448780286,0.11561190966689719,1054.0,49.0,85.0,177.0,138.0,126.0,131.0,174.0,116.0,27.0,18.0,5.0,8.0
SE,2020.5,0.2485595402918362,0.09004378942970645,1045.0,67.0,75.0,156.0,134.0,130.0,120.0,178.0,108.0,42.0,27.0,4.0,4.0
SE,2021.0,0.20398856599951387,0.1219267383554047,1070.0,63.0,89.0,169.0,174.0,160.0,118.0,128.0,108.0,16.0,26.0,8.0,11.0
SE,2021.5,0.2523673470530394,0.05903395971055952,1041.0,71.0,69.0,148.0,112.0,145.0,115.0,143.0,148.0,42.0,42.0,3.0,3.0
SE,2022.0,0.2565856065312648,0.09546358635948793,1020.0,95.0,86.0,199.0,125.0,144.0,103.0,100.0,100.0,23.0,39.0,4.0,2.0
SE,2023.0,0.22371155136835952,0.09629171678627364,1073.0,81.0,90.0,192.0,151.0,144.0,102.0,124.0,100.0,26.0,41.0,4.0,18.0
SE,2024.5,0.23598286093438472,0.12495093225184295,1022.0,42.0,94.0,176.0,174.0,113.0,100.0,151.0,109.0,23.0,19.0,6.0,15.0
SE,2025.0,0.206114868045827,0.13414943918535993,1071.0,60.0,65.0,156.0,192.0,159.0,122.0,175.0,84.0,24.0,20.0,4.0,10.0
SI,2007.0,-0.10037537840546007,-0.14349091489721458,1008.0,78.0,28.0,75.0,64.0,241.0,71.0,39.0,34.0,23.0,64.0,145.0,146.0
SI,2010.0,-0.1323241980809726,-0.22342279584092076,1020.0,41.0,25.0,43.0,45.0,221.0,78.0,40.0,30.0,11.0,43.0,274.0,169.0
SI,2012.0,-0.1408783527301573,-0.2194215000194208,1016.0,101.0,27.0,67.0,50.0,199.0,52.0,29.0,33.0,16.0,36.0,237.0,169.0
SI,2014.0,-0.13105505821829389,-0.2620516140630955,1035.0,131.0,35.0,60.0,32.0,268.0,26.0,25.0,30.0,8.0,59.0,250.0,111.0
SI,2015.0,-0.1261708043200042,-0.27737904513284944,1025.0,75.0,12.0,36.0,33.0,361.0,33.0,20.0,25.0,11.0,64.0,272.0,83.0
SI,2016.0,-0.10034341229016526,-0.1972546737931694,1035.0,77.0,24.0,81.0,59.0,330.0,33.0,35.0,36.0,7.0,52.0,201.0,100.0
SI,2017.0,-0.10191790209616627,-0.20802150343899034,1026.0,69.0,37.0,62.0,52.0,378.0,31.0,25.0,39.0,11.0,42.0,194.0,86.0
SI,2019.0,-0.1847665373222322,-0.09426495636053034,1028.0,54.0,27.0,44.0,43.0,371.0,50.0,35.0,39.0,16.0,61.0,101.0,187.0
SI,2020.0,0.08438384881177315,0.18936092621328382,1034.0,96.0,84.0,151.0,116.0,275.0,95.0,55.0,57.0,29.0,53.0,6.0,17.0
SI,2020.5,-0.008433604590592078,-0.00788163490132623,1029.0,76.0,65.0,121.0,87.0,287.0,71.0,65.0,55.0,15.0,61.0,68.0,58.0
SI,2021.0,-0.08749550324884417,-0.10158476534475215,998.0,83.0,66.0,82.0,73.0,248.0,71.0,35.0,48.0,17.0,43.0,104.0,128.0
SI,2021.5,0.021547147183665637,-0.1402868421071968,1021.0,111.0,72.0,121.0,79.0,237.0,47.0,56.0,56.0,22.0,65.0,90.0,65.0
SI,2022.0,-0.08081320460747558,-0.08246921660963638,1002.0,43.0,44.0,72.0,59.0,298.0,64.0,57.0,55.0,23.0,45.0,121.0,121.0
SI,2023.0,-0.05241427871084684,-0.09365004261389621,1001.0,54.0,39.0,83.0,50.0,304.0,61.0,56.0,59.0,29.0,83.0,91.0,92.0
SI,2024.5,-0.03564293840098884,-0.12195001611409038,1014.0,54.0,23.0,65.0,55.0,309.0,64.0,75.0,65.0,19.0,77.0,133.0,75.0
SI,2025.0,-0.06906512221398994,-0.1269647705975039,1005.0,49.0,19.0,71.0,72.0,296.0,59.0,70.0,43.0,9.0,56.0,159.0,102.0
SK,2007.0,0.0008705410645659648,0.02666431631304332,1125.0,49.0,48.0,115.0,132.0,294.0,108.0,102.0,64.0,27.0,28.0,82.0,76.0
SK,2010.0,-0.0032310747698589444,-0.1146995819368596,1035.0,77.0,30.0,81.0,89.0,202.0,71.0,82.0,85.0,32.0,87.0,109.0,90.0
SK,2012.0,-0.011978780915984788,-0.057958677688493436,1001.0,61.0,40.0,97.0,99.0,249.0,62.0,72.0,65.0,23.0,72.0,85.0,76.0
SK,2014.0,-0.03833691948867063,-0.050213820253776284,1032.0,85.0,28.0,80.0,58.0,285.0,73.0,112.0,65.0,19.0,55.0,67.0,105.0
SK,2015.0,-0.05420111259275186,-0.04063859311647471,1057.0,77.0,25.0,81.0,78.0,291.0,87.0,73.0,84.0,17.0,43.0,77.0,124.0
SK,2016.0,-0.04662870282418322,-0.05777808606598576,1023.0,59.0,22.0,74.0,57.0,310.0,77.0,87.0,72.0,26.0,47.0,92.0,100.0
SK,2017.0,-0.0936352811802166,-0.0704238526964088,1085.0,57.0,25.0,68.0,57.0,310.0,89.0,70.0,67.0,18.0,58.0,104.0,162.0
SK,2019.0,0.0034075920987456268,0.00948427853748758,1014.0,46.0,30.0,86.0,83.0,305.0,73.0,102.0,78.0,34.0,71.0,22.0,84.0
SK,2020.0,0.03235769985700367,0.017168580588481374,1106.0,37.0,36.0,70.0,87.0,318.0,157.0,113.0,99.0,22.0,59.0,34.0,74.0
SK,2020.5,0.058981380353558904,-0.009614226529696863,1004.0,53.0,31.0,59.0,81.0,271.0,124.0,120.0,86.0,33.0,60.0,33.0,53.0
SK,2021.0,-0.015436971790373375,0.03688183199836671,1003.0,54.0,44.0,80.0,56.0,346.0,104.0,81.0,68.0,27.0,32.0,41.0,70.0
SK,2021.5,-0.02420783108675908,-0.023791437294587794,1010.0,46.0,42.0,80.0,66.0,285.0,94.0,102.0,70.0,17.0,30.0,91.0,87.0
SK,2022.0,-0.009083210621635513,0.02203624523567102,1005.0,46.0,37.0,83.0,97.0,262.0,93.0,122.0,80.0,17.0,19.0,53.0,96.0
SK,2023.0,0.07103745309410453,0.02652556063831246,1007.0,44.0,53.0,104.0,90.0,247.0,100.0,111.0,102.0,43.0,26.0,45.0,42.0
SK,2024.5,0.12415687659062336,0.013861063488409424,1004.0,37.0,28.0,77.0,94.0,219.0,140.0,153.0,113.0,50.0,28.0,26.0,39.0
SK,2025.0,0.05671686540007527,0.03217995465526225,1003.0,23.0,32.0,93.0,114.0,210.0,139.0,129.0,91.0,36.0,16.0,51.0,69.0
TR,2007.0,0.10042389397207394,-0.298862258131401,1005.0,61.0,20.0,23.0,29.0,120.0,134.0,60.0,54.0,31.0,303.0,102.0,68.0
UK,2007.0,-0.09835762615533802,0.0870790136981039,1339.0,29.0,41.0,109.0,127.0,496.0,111.0,97.0,62.0,13.0,31.0,38.0,185.0
UK,2010.0,-0.08298765719820526,0.07584535516337768,1291.0,38.0,43.0,97.0,104.0,459.0,122.0,115.0,60.0,22.0,19.0,40.0,172.0
UK,2012.0,-0.04948607344324653,0.11625323414586343,1308.0,43.0,46.0,115.0,137.0,482.0,123.0,107.0,78.0,6.0,16.0,28.0,127.0
UK,2014.0,-0.10703463105610814,0.11178917269766006,1312.0,44.0,69.0,104.0,99.0,523.0,100.0,87.0,57.0,13.0,25.0,25.0,166.0
UK,2015.0,-0.017502065920399785,0.07711578477499981,1322.0,53.0,65.0,129.0,123.0,420.0,119.0,132.0,81.0,16.0,36.0,26.0,122.0
UK,2016.0,-0.025014158024163482,0.13025965155086222,1305.0,26.0,78.0,148.0,176.0,424.0,120.0,108.0,58.0,7.0,22.0,34.0,104.0
UK,2017.0,0.2534747554497292,-0.11892092313643693,1368.0,1.0,87.0,81.0,150.0,131.0,447.0,109.0,112.0,71.0,47.0,22.0,110.0
UK,2019.0,-0.10044800375269639,0.07950784601007393,1037.0,45.0,49.0,89.0,63.0,404.0,88.0,54.0,48.0,12.0,34.0,34.0,117.0
